LF01-A09_郁岑燁_簡_s22	至少我看得出来。
LF01-A09_郁岑燁_簡_s33	至少我看得出来。
LF01-A09_郁岑燁_簡_s44	智商我看得出来。
LF01-A11_机遙_簡_s22	这么快?
LF01-A11_机遙_簡_s33	这么快
LF01-A11_机遙_簡_s44	这么快。
LF01-A12_机遙_簡_s22	稀有
LF01-A12_机遙_簡_s33	紀堯。
LF01-A12_机遙_簡_s44	稀有
LF01-B02_机遙_簡_s22	你在说什么?
LF01-B02_机遙_簡_s33	你在说什么?
LF01-B02_机遙_簡_s44	你在说什么?
LF01-B05_机遙_簡_s22	你不是一直不服我?
LF01-B05_机遙_簡_s33	你不是一直不服我?
LF01-B05_机遙_簡_s44	你不是一直不服我。
LF01-B05a_江祈璟_簡_s11	我左边，你右边。
LF01-B05a_江祈璟_簡_s22	我左边，你右边。
LF01-B05a_江祈璟_繁_s11	我左邊，你右邊。
LF01-B05b_江祈璟_簡_s11	现在不是比这个的时候。
LF01-B05b_江祈璟_簡_s22	现在不是比这个的时候。
LF01-B05b_江祈璟_繁_s11	現在不是比技藝的時候
LF01-B08_赤瞳妖將_簡_s22	这里不是你们该来的地方。
LF01-B08_赤瞳妖將_簡_s33	这里不是你们该来的地方。
LF01-B08_赤瞳妖將_繁_s22	呢里唔係你哋應該來嘅地方。
