clone/E01-01_c2_1_旁白_t1.mp3	0.0	酒要戒，天勸願。
clone/E01-01_c2_1_旁白_t2.mp3	0.0	院害院害串降禮。
clone/E01-01_c2_1_旁白_t3.mp3	0.0	早要記天懸願
clone/E01-03_c2_2_玩家_t1.mp3	0.0	應該是
clone/E01-03_c2_2_玩家_t2.mp3	0.0	應該是
clone/E01-03_c2_2_玩家_t3.mp3	0.0	應該是
clone/E01-04_c2_1_郁岑燁_t1.mp3	0.0	路上旅程係吉人，
clone/E01-04_c2_1_郁岑燁_t2.mp3	0.0	路上。。。
clone/E01-04_c2_1_郁岑燁_t3.mp3	0.0	录了录还领录还可以。
clone/E01-04_c4_1_郁岑燁_t1.mp3	0.0	冇料
clone/E01-04_c4_1_郁岑燁_t2.mp3	0.0	冇料
clone/E01-04_c4_1_郁岑燁_t3.mp3	0.0	無聊。
clone/E01-05_c3_1_厲若楓_t1.mp3	0.0	别急，他的脚步有点乱。
clone/E01-05_c3_1_厲若楓_t2.mp3	0.0	别急，它的脚步有点乱。
clone/E01-05_c3_1_厲若楓_t3.mp3	0.0	別急，她的膠布有點亂。
clone/E01-05_c5_1_玩家_t1.mp3	0.0	你们都看得出来啊。
clone/E01-05_c5_1_玩家_t2.mp3	0.0	你们都看得出来。
clone/E01-05_c5_1_玩家_t3.mp3	0.0	你们都看得出来。
clone/E01-06_c1_1_郁岑燁_t1.mp3	0.0	爭吵我看得出來
clone/E01-06_c1_1_郁岑燁_t2.mp3	0.0	路上係做流咗
clone/E01-06_c1_1_郁岑燁_t3.mp3	0.0	他今天噘噘噘噘噘噘噘噘噘。
clone/E01-07_c1_1_蕭曜霖_t1.mp3	0.0	不用等明天。
clone/E01-07_c1_1_蕭曜霖_t2.mp3	0.0	唔用等明天。
clone/E01-07_c1_1_蕭曜霖_t3.mp3	0.0	不用等明天。
clone/E01-07_c4_1_蕭曜霖_t1.mp3	0.0	曼谷中後，新生演舞場即合。
clone/E01-07_c4_1_蕭曜霖_t2.mp3	0.0	半曲鐘後，新生演武場集合。
clone/E01-07_c4_1_蕭曜霖_t3.mp3	0.0	半刻鐘後，新生演武場刺客。
clone/E01-08_c4_1_玩家_t1.mp3	0.0	知道了。
clone/E01-08_c4_1_玩家_t2.mp3	0.0	知道了。
clone/E01-08_c4_1_玩家_t3.mp3	0.0	知道了。
ref/C01_玩家.mp3	0.0	今天天气不错，我们慢慢走过去吧，路上还可以再聊一聊。
ref/C03_郁岑燁.mp3	0.0	今日天氣不錯，我咪慢慢走過去吧，路上係可以再聊一聊。
ref/C04_厲若楓.mp3	0.0	今天天氣唔錯，我哋慢慢走過去吧，路上話可以再聊一聊。
ref/C05_蕭曜霖.mp3	0.0	噉天天氣不錯，我哋慢慢走過去吧，路上話可以再聊一聊。
ref/VO_旁白.mp3	0.0	層山之上，雲海翻湧，一座古老的學院靜靜矗立。
